Datum;Cas;Vysledek;Mod;Nejlepsi shoda;Nejlepsi shoda MN;Uplynuly cas 1;Uplynuly cas 2;Cas celkem;Nazev Pole 1;Pole 1;Nazev Pole 2;Pole 2;Nazev Pole 3;Pole 3;Nazev Pole 4;Pole 4;Nazev Pole 5;Pole 5;Nazev Pole 6;Pole 6;Nazev Pole 7;Pole 7;Nazev Pole 8;Pole 8;LOD Sigma;Mg;Mg +/-;Al;Al +/-;Si;Si +/-;P;P +/-;S;S +/-;Cl;Cl +/-;K;K +/-;Ca;Ca +/-;Ti;Ti +/-;Cr;Cr +/-;Mn;Mn +/-;Fe;Fe +/-;Co;Co +/-;Ni;Ni +/-;Cu;Cu +/-;Zn;Zn +/-;As;As +/-;Se;Se +/-;Rb;Rb +/-;Sr;Sr +/-;Y;Y +/-;Zr;Zr +/-;Mo;Mo +/-;Ag;Ag +/-;Cd;Cd +/-;In;In +/-;Sn;Sn +/-;Sb;Sb +/-;Ba;Ba +/-;W;W +/-;Au;Au +/-;Hg;Hg +/-;Tl;Tl +/-;Pb;Pb +/-;Bi;Bi +/-;Th;Th +/-;U;U +/-;LE;LE +/-;2. nejlepsi shoda;2. nejlepsi shoda MN;3. nejlepsi shoda;;Nazev Pole 9;Pole 9;Nazev Pole 10;Pole 10;Nazev Pole 11;Pole 11;Nazev Pole 12;Pole 12;Nazev Pole 13;Pole 13;Nazev Pole 14;Pole 14;Nazev Pole 15;Pole 15;Nazev Pole 16;Pole 16
18.01.2019;11:28:32;#1;STD kontrola;;0;14,91;;14,91;;;;;;;;;;;;;;;;;3;;;;;;;;;;;;;;;;;;;;;;;;;;;;;;;;;;;;;;;;;;;;;;;;;;;;;;;;;;;;;;;;;;;;;;;;;;;;;;0;;;;;;;;;;;;;;;;;;
18.01.2019;14:10:20;#2-1;Geochem;;0;29,65;29,87;59,52;research;kh_sedlec;segment;15a16;vrstva;116;hrob;;excel.id;460;vzorek;27001;;;;;3;<LOD;2,23;5,97;0,13;30,58;0,26;0,0944;0,0111;<LOD;0,0323;<LOD;0,95;2,0651;0,0196;0,6949;0,0108;0,4914;0,0227;0,0105;0,0024;0,0663;0,0031;2,6594;0,0249;<LOD;0,0758;0,0024;0,0007;0,0043;0,0005;0,0069;0,0004;0,0035;0,0002;<LOD;0,0033;0,0126;0,0002;0,0097;0,0002;<LOD;0,0249;0,0489;0,0005;<LOD;0,0193;<LOD;0,1149;<LOD;0,1373;<LOD;0,0015;<LOD;0,22;<LOD;0,29;<LOD;0,36;<LOD;0,0565;<LOD;0,0163;<LOD;0,0009;<LOD;0,0198;0,0027;0,0003;<LOD;0,0739;0,002;0,0006;<LOD;0,038;56,26;0,43;;0;;;;;;;;;;;;;;;;;;
18.01.2019;14:11:34;#2-2;Geochem;;0;29,66;29,87;59,53;research;kh_sedlec;segment;15a16;vrstva;116;hrob;;excel.id;460;vzorek;27001;;;;;3;<LOD;2,25;5,88;0,13;30,71;0,26;0,0712;0,0109;<LOD;0,0331;<LOD;0,95;2,0964;0,02;0,722;0,011;0,4795;0,0227;0,0073;0,0023;0,0672;0,0031;2,6682;0,0252;<LOD;0,0769;0,0043;0,0007;0,0037;0,0005;0,0073;0,0004;0,0043;0,0002;<LOD;0,0033;0,0121;0,0002;0,0101;0,0002;<LOD;0,025;0,0492;0,0005;<LOD;0,0194;<LOD;0,1157;<LOD;0,1389;<LOD;0,0016;<LOD;0,22;<LOD;0,29;<LOD;0,36;<LOD;0,0548;<LOD;0,0156;<LOD;0,001;<LOD;0,0195;0,0025;0,0003;<LOD;0,0751;0,0025;0,0006;<LOD;0,0378;56,19;0,44;;0;;;;;;;;;;;;;;;;;;
18.01.2019;14:12:46;#2-3;Geochem;;0;29,66;29,87;59,53;research;kh_sedlec;segment;15a16;vrstva;116;hrob;;excel.id;460;vzorek;27001;;;;;3;<LOD;3,69;5,78;0,12;30,3;0,14;0,0879;0,011;<LOD;0,0327;<LOD;0,94;2,0691;0,013;0,7042;0,0096;0,4547;0,0221;0,007;0,0023;0,0623;0,003;2,6121;0,016;<LOD;0,0754;0,0022;0,0007;0,0036;0,0005;0,0069;0,0004;0,0033;0,0002;<LOD;0,0032;0,0121;0,0002;0,0096;0,0002;<LOD;0,0252;0,0484;0,0004;<LOD;0,0192;<LOD;0,1152;<LOD;0,1372;<LOD;0,0015;<LOD;0,22;<LOD;0,29;<LOD;0,35;<LOD;0,0538;<LOD;0,0153;<LOD;0,0009;<LOD;0,0184;0,0034;0,0003;<LOD;0,0749;0,0027;0,0006;<LOD;0,0374;57,84;0,18;;0;;;;;;;;;;;;;;;;;;
18.01.2019;14:15:08;#3-1;Geochem;;0;29,67;29,86;59,53;research;kh_sedlec;segment;15a16;vrstva;138;hrob;;excel.id;461;vzorek;27002;;;;;3;<LOD;3,38;5,29;0,12;26,4;0,13;0,1956;0,0125;<LOD;0,0317;<LOD;0,85;1,8255;0,0117;4,1565;0,0211;0,4773;0,0222;<LOD;0,022;0,0986;0,0035;2,5171;0,0158;<LOD;0,074;0,0022;0,0007;0,0065;0,0006;0,0215;0,0007;0,0174;0,0005;<LOD;0,0035;0,0115;0,0002;0,0122;0,0002;<LOD;0,0248;0,0395;0,0004;<LOD;0,0189;<LOD;0,1165;<LOD;0,1391;<LOD;0,0015;<LOD;0,22;<LOD;0,29;<LOD;0,35;<LOD;0,0671;<LOD;0,0204;<LOD;0,001;<LOD;0,0224;0,0139;0,0004;<LOD;0,0739;<LOD;0,0823;<LOD;0,0386;58,92;0,18;;0;;;;;;;;;;;;;;;;;;
18.01.2019;14:16:22;#3-2;Geochem;;0;29,68;29,86;59,54;research;kh_sedlec;segment;15a16;vrstva;138;hrob;;excel.id;461;vzorek;27002;;;;;3;<LOD;3,35;5,25;0,12;26,53;0,13;0,2161;0,0128;<LOD;0,0314;<LOD;0,85;1,8381;0,0118;4,1393;0,0211;0,4298;0,0218;<LOD;0,0217;0,0913;0,0035;2,4861;0,0157;<LOD;0,0748;0,002;0,0007;0,0068;0,0006;0,0213;0,0007;0,0165;0,0005;<LOD;0,0035;0,0119;0,0002;0,0124;0,0002;<LOD;0,0248;0,0394;0,0004;<LOD;0,0191;<LOD;0,1168;<LOD;0,1393;<LOD;0,0015;<LOD;0,22;<LOD;0,29;<LOD;0,35;<LOD;0,0654;<LOD;0,0196;<LOD;0,001;<LOD;0,0242;0,0148;0,0005;<LOD;0,0756;0,0021;0,0006;<LOD;0,0384;58,89;0,18;;0;;;;;;;;;;;;;;;;;;
18.01.2019;14:17:36;#3-3;Geochem;;0;29,68;29,86;59,54;research;kh_sedlec;segment;15a16;vrstva;138;hrob;;excel.id;461;vzorek;27002;;;;;3;<LOD;3,34;5,34;0,12;26,81;0,13;0,206;0,0128;<LOD;0,0316;<LOD;0,85;1,854;0,0119;4,1695;0,0212;0,5089;0,0227;<LOD;0,0214;0,0901;0,0035;2,5075;0,0159;<LOD;0,0754;0,0038;0,0007;0,0064;0,0006;0,0221;0,0007;0,0182;0,0005;<LOD;0,0036;0,0116;0,0002;0,0121;0,0002;<LOD;0,025;0,0404;0,0004;<LOD;0,0192;<LOD;0,1179;<LOD;0,141;<LOD;0,0016;<LOD;0,23;<LOD;0,29;<LOD;0,36;<LOD;0,0668;<LOD;0,0203;<LOD;0,001;<LOD;0,0236;0,0137;0,0005;<LOD;0,0764;0,002;0,0006;<LOD;0,039;58,38;0,18;;0;;;;;;;;;;;;;;;;;;
18.01.2019;14:20:01;#4-1;Geochem;;0;29,65;29,87;59,52;research;kh_sedlec;segment;15a16;vrstva;253;hrob;;excel.id;462;vzorek;27003;;;;;3;<LOD;3,6;5,42;0,12;29,95;0,14;0,1566;0,0115;<LOD;0,0333;<LOD;0,92;2,0026;0,0125;0,8547;0,0097;0,5122;0,0221;<LOD;0,0211;0,0749;0,0031;2,4676;0,0152;<LOD;0,0725;0,0028;0,0007;0,0048;0,0005;0,0106;0,0005;0,0035;0,0003;<LOD;0,0034;0,012;0,0002;0,0097;0,0002;<LOD;0,0252;0,0503;0,0004;<LOD;0,019;<LOD;0,1133;<LOD;0,1359;<LOD;0,0015;<LOD;0,22;<LOD;0,29;<LOD;0,35;<LOD;0,0564;<LOD;0,016;<LOD;0,0009;<LOD;0,0224;0,0102;0,0004;<LOD;0,0749;0,0034;0,0006;<LOD;0,037;58,45;0,18;;0;;;;;;;;;;;;;;;;;;
18.01.2019;14:21:13;#4-2;Geochem;;0;29,65;29,87;59,52;research;kh_sedlec;segment;15a16;vrstva;253;hrob;;excel.id;462;vzorek;27003;;;;;3;<LOD;3,54;5,58;0,12;30,3;0,14;0,1526;0,0115;<LOD;0,0331;<LOD;0,92;2,0392;0,0127;0,8569;0,0098;0,5168;0,0224;0,0082;0,0023;0,083;0,0033;2,4851;0,0153;<LOD;0,0732;0,0028;0,0007;0,0054;0,0006;0,0108;0,0005;0,0034;0,0003;<LOD;0,0032;0,0119;0,0002;0,01;0,0002;<LOD;0,0251;0,0506;0,0004;<LOD;0,019;<LOD;0,1147;<LOD;0,1367;<LOD;0,0015;<LOD;0,22;<LOD;0,29;<LOD;0,35;<LOD;0,0545;<LOD;0,0154;<LOD;0,0009;<LOD;0,0219;0,0102;0,0004;<LOD;0,0737;0,0017;0,0006;<LOD;0,0373;57,87;0,18;;0;;;;;;;;;;;;;;;;;;
18.01.2019;14:22:28;#4-3;Geochem;;0;29,65;29,87;59,53;research;kh_sedlec;segment;15a16;vrstva;253;hrob;;excel.id;462;vzorek;27003;;;;;3;<LOD;3,49;5,39;0,12;30,04;0,14;0,1635;0,0115;<LOD;0,0335;<LOD;0,92;2,0256;0,0126;0,8814;0,0097;0,4942;0,0222;<LOD;0,0208;0,0709;0,0031;2,4878;0,0154;<LOD;0,0725;0,0025;0,0007;0,0061;0,0006;0,0096;0,0005;0,0036;0,0003;<LOD;0,0033;0,0117;0,0002;0,0101;0,0002;<LOD;0,0249;0,0502;0,0004;<LOD;0,0191;<LOD;0,1142;<LOD;0,1359;<LOD;0,0015;<LOD;0,22;<LOD;0,29;<LOD;0,35;<LOD;0,0567;<LOD;0,0155;<LOD;0,001;<LOD;0,0216;0,0108;0,0004;<LOD;0,0753;0,0034;0,0006;<LOD;0,037;58,33;0,18;;0;;;;;;;;;;;;;;;;;;
18.01.2019;14:24:51;#5-1;Geochem;;0;29,63;29,86;59,49;research;kh_sedlec;segment;15a16;vrstva;286;hrob;;excel.id;463;vzorek;27004;;;;;3;<LOD;3,33;5,95;0,12;30,05;0,13;0,1383;0,0111;<LOD;0,0309;<LOD;0,89;1,9892;0,0122;1,1017;0,0102;0,5284;0,0221;0,0103;0,0023;0,0728;0,0031;2,5372;0,0152;<LOD;0,0725;0,0035;0,0007;0,0046;0,0005;0,0094;0,0005;0,0034;0,0003;<LOD;0,0031;0,0117;0,0002;0,0104;0,0002;<LOD;0,0242;0,0487;0,0004;<LOD;0,0186;<LOD;0,1129;<LOD;0,1356;<LOD;0,0015;<LOD;0,22;<LOD;0,28;<LOD;0,35;<LOD;0,054;<LOD;0,015;<LOD;0,001;<LOD;0,02;0,0072;0,0003;<LOD;0,0729;0,0025;0,0006;<LOD;0,0371;57,52;0,18;;0;;;;;;;;;;;;;;;;;;
18.01.2019;14:26:02;#5-2;Geochem;;0;29,64;29,86;59,5;research;kh_sedlec;segment;15a16;vrstva;286;hrob;;excel.id;463;vzorek;27004;;;;;3;<LOD;3,33;5,59;0,12;30,35;0,14;0,1249;0,011;<LOD;0,0307;<LOD;0,88;1,9858;0,0122;1,1076;0,0102;0,5386;0,0221;0,0102;0,0023;0,0765;0,0031;2,5162;0,0152;<LOD;0,0723;0,0027;0,0007;0,0045;0,0005;0,0097;0,0005;0,0026;0,0003;<LOD;0,0031;0,0116;0,0002;0,0104;0,0002;<LOD;0,0242;0,0478;0,0004;<LOD;0,0187;<LOD;0,113;<LOD;0,1351;<LOD;0,0015;<LOD;0,22;<LOD;0,29;<LOD;0,35;<LOD;0,0553;<LOD;0,0149;<LOD;0,0009;<LOD;0,0204;0,0077;0,0003;<LOD;0,073;0,0021;0,0006;<LOD;0,037;57,6;0,18;;0;;;;;;;;;;;;;;;;;;
18.01.2019;14:27:17;#5-3;Geochem;;0;29,64;29,86;59,5;research;kh_sedlec;segment;15a16;vrstva;286;hrob;;excel.id;463;vzorek;27004;;;;;3;<LOD;2,06;5,84;0,13;30,93;0,24;0,1216;0,0112;<LOD;0,0304;<LOD;0,88;2,0189;0,0181;1,1296;0,0129;0,5009;0,0222;0,0068;0,0022;0,078;0,0032;2,5522;0,0227;<LOD;0,0731;0,003;0,0007;0,0044;0,0005;0,0088;0,0005;0,0033;0,0003;0,0003;0,0001;0,0119;0,0002;0,0107;0,0002;<LOD;0,0247;0,048;0,0005;<LOD;0,0188;<LOD;0,1134;<LOD;0,1352;<LOD;0,0015;<LOD;0,22;<LOD;0,29;<LOD;0,34;<LOD;0,0518;<LOD;0,0145;<LOD;0,0009;<LOD;0,0215;0,0069;0,0003;<LOD;0,0727;<LOD;0,081;<LOD;0,0366;56,29;0,4;;0;;;;;;;;;;;;;;;;;;
18.01.2019;14:29:38;#6-1;Geochem;;0;29,65;29,86;59,52;research;kh_sedlec;segment;15a16;vrstva;288;hrob;;excel.id;464;vzorek;27005;;;;;3;<LOD;2,21;5,51;0,13;28,83;0,24;0,2652;0,0131;<LOD;0,0337;<LOD;0,9;1,9045;0,0181;2,1789;0,0207;0,4963;0,0223;0,0075;0,0023;0,0765;0,0032;2,5466;0,0239;<LOD;0,0738;<LOD;0,0098;0,0031;0,0005;0,0094;0,0005;0,0033;0,0003;<LOD;0,0032;0,0114;0,0002;0,0125;0,0002;<LOD;0,0245;0,0447;0,0005;<LOD;0,0189;<LOD;0,1152;<LOD;0,1367;<LOD;0,0015;<LOD;0,22;<LOD;0,29;<LOD;0,35;<LOD;0,0558;<LOD;0,0153;<LOD;0,001;<LOD;0,0215;0,0061;0,0003;<LOD;0,0748;0,0027;0,0006;<LOD;0,0375;57,01;0,44;;0;;;;;;;;;;;;;;;;;;
18.01.2019;14:30:50;#6-2;Geochem;;0;29,66;29,86;59,53;research;kh_sedlec;segment;15a16;vrstva;288;hrob;;excel.id;464;vzorek;27005;;;;;3;<LOD;2,23;5,48;0,13;29,43;0,25;0,2803;0,0136;<LOD;0,0339;<LOD;0,9;1,9772;0,0189;2,2716;0,0217;0,5037;0,023;<LOD;0,0214;0,0703;0,0032;2,604;0,0246;<LOD;0,0762;<LOD;0,0103;0,0037;0,0005;0,0101;0,0005;0,003;0,0003;<LOD;0,0035;0,0119;0,0002;0,0129;0,0002;<LOD;0,0253;0,0455;0,0005;<LOD;0,0193;<LOD;0,1182;<LOD;0,1416;<LOD;0,0016;<LOD;0,23;<LOD;0,3;<LOD;0,36;<LOD;0,059;<LOD;0,0165;<LOD;0,001;<LOD;0,0213;0,0063;0,0003;<LOD;0,0765;0,0034;0,0006;<LOD;0,0377;56,36;0,44;;0;;;;;;;;;;;;;;;;;;
18.01.2019;14:32:02;#6-3;Geochem;;0;29,66;29,87;59,53;research;kh_sedlec;segment;15a16;vrstva;288;hrob;;excel.id;464;vzorek;27005;;;;;3;<LOD;2,21;5,45;0,13;29,4;0,25;0,2479;0,0131;<LOD;0,0338;<LOD;0,89;1,9468;0,0185;2,2417;0,0212;0,4882;0,0229;<LOD;0,021;0,073;0,0032;2,5584;0,024;<LOD;0,0752;0,0025;0,0007;0,0047;0,0006;0,0094;0,0005;0,0032;0,0003;<LOD;0,0034;0,0114;0,0002;0,0127;0,0002;<LOD;0,0247;0,0444;0,0005;<LOD;0,0192;<LOD;0,1164;<LOD;0,1401;<LOD;0,0016;<LOD;0,23;<LOD;0,3;<LOD;0,36;<LOD;0,0547;<LOD;0,0152;<LOD;0,0009;<LOD;0,0204;0,006;0,0003;<LOD;0,0756;0,0023;0,0006;<LOD;0,0384;56,88;0,43;;0;;;;;;;;;;;;;;;;;;
18.01.2019;14:34:26;#7-1;Geochem;;0;29,64;29,86;59,5;research;kh_sedlec;segment;15a16;vrstva;289;hrob;;excel.id;465;vzorek;27006;;;;;3;<LOD;3,24;5,57;0,12;30,42;0,13;0,0721;0,0104;<LOD;0,0312;<LOD;0,87;1,971;0,0121;1,1813;0,0103;0,4829;0,0214;0,0106;0,0023;0,068;0,003;2,5288;0,0152;<LOD;0,072;0,0025;0,0006;0,0044;0,0005;0,0084;0,0004;0,0029;0,0003;<LOD;0,0031;0,012;0,0002;0,0105;0,0002;<LOD;0,0243;0,048;0,0004;<LOD;0,0185;<LOD;0,1122;<LOD;0,1338;<LOD;0,0015;<LOD;0,22;<LOD;0,28;<LOD;0,34;<LOD;0,0517;<LOD;0,0146;<LOD;0,0009;<LOD;0,0208;0,005;0,0003;<LOD;0,0726;0,002;0,0006;<LOD;0,0368;57,6;0,18;;0;;;;;;;;;;;;;;;;;;
18.01.2019;14:35:41;#7-2;Geochem;;0;29,64;29,86;59,51;research;kh_sedlec;segment;15a16;vrstva;289;hrob;;excel.id;465;vzorek;27006;;;;;3;<LOD;2,07;5,58;0,13;31,55;0,25;0,081;0,011;<LOD;0,0302;<LOD;0,88;2,0299;0,0184;1,1949;0,0134;0,5227;0,0224;0,0089;0,0023;0,0682;0,0031;2,561;0,023;<LOD;0,0732;0,0037;0,0007;0,0034;0,0005;0,0095;0,0005;0,0028;0,0003;<LOD;0,0033;0,0118;0,0002;0,0105;0,0002;<LOD;0,0245;0,0484;0,0005;<LOD;0,019;<LOD;0,1135;<LOD;0,1362;<LOD;0,0015;<LOD;0,22;<LOD;0,29;<LOD;0,35;<LOD;0,0549;<LOD;0,0155;<LOD;0,0009;<LOD;0,0204;0,0051;0,0003;<LOD;0,0735;0,0025;0,0006;<LOD;0,0363;54,56;0,4;;0;;;;;;;;;;;;;;;;;;
18.01.2019;14:36:56;#7-3;Geochem;;0;29,65;29,86;59,51;research;kh_sedlec;segment;15a16;vrstva;289;hrob;;excel.id;465;vzorek;27006;;;;;3;<LOD;2,05;5,73;0,13;31,34;0,25;0,064;0,0106;<LOD;0,0306;<LOD;0,87;1,9948;0,0179;1,2081;0,0133;0,4982;0,0223;0,0079;0,0023;0,0663;0,003;2,5517;0,0227;<LOD;0,0724;0,0031;0,0007;0,0051;0,0006;0,0087;0,0005;0,0021;0,0003;<LOD;0,0031;0,0118;0,0002;0,0107;0,0002;<LOD;0,0247;0,0489;0,0005;<LOD;0,0189;<LOD;0,114;<LOD;0,1358;<LOD;0,0015;<LOD;0,22;<LOD;0,29;<LOD;0,35;<LOD;0,0529;<LOD;0,0148;<LOD;0,0009;<LOD;0,0203;0,006;0,0003;<LOD;0,0727;0,0017;0,0006;<LOD;0,0368;55,97;0,4;;0;;;;;;;;;;;;;;;;;;
18.01.2019;14:39:18;#8-1;Geochem;;0;29,65;29,87;59,53;research;kh_sedlec;segment;15a16;vrstva;290;hrob;;excel.id;466;vzorek;27007;;;;;3;<LOD;2,15;5,99;0,13;30,1;0,25;0,088;0,0108;<LOD;0,0337;<LOD;0,95;2,0372;0,0189;0,8085;0,0114;0,4701;0,0225;0,0086;0,0024;0,0694;0,0031;2,5697;0,0236;<LOD;0,0734;0,0023;0,0007;0,0037;0,0005;0,0091;0,0005;0,0053;0,0003;<LOD;0,0032;0,0118;0,0002;0,0099;0,0002;<LOD;0,0247;0,0476;0,0005;<LOD;0,019;<LOD;0,114;<LOD;0,1363;<LOD;0,0015;<LOD;0,22;<LOD;0,29;<LOD;0,35;<LOD;0,0551;<LOD;0,016;<LOD;0,0009;<LOD;0,0197;0,0056;0,0003;<LOD;0,0728;<LOD;0,0814;<LOD;0,0378;56,88;0,43;;0;;;;;;;;;;;;;;;;;;
18.01.2019;14:40:31;#8-2;Geochem;;0;29,66;29,87;59,53;research;kh_sedlec;segment;15a16;vrstva;290;hrob;;excel.id;466;vzorek;27007;;;;;3;<LOD;2,16;5,82;0,13;30,43;0,25;0,0985;0,0111;<LOD;0,0324;<LOD;0,95;2,0459;0,0191;0,8084;0,0113;0,4996;0,0223;<LOD;0,0209;0,0724;0,0032;2,5562;0,0236;<LOD;0,0742;0,0033;0,0007;0,0045;0,0006;0,0084;0,0005;0,006;0,0003;<LOD;0,0033;0,012;0,0002;0,0102;0,0002;<LOD;0,0248;0,0477;0,0005;<LOD;0,0191;<LOD;0,1141;<LOD;0,1369;<LOD;0,0015;<LOD;0,22;<LOD;0,29;<LOD;0,35;<LOD;0,057;<LOD;0,0161;<LOD;0,001;<LOD;0,0207;0,0052;0,0003;<LOD;0,0752;0,0034;0,0006;<LOD;0,0372;56,43;0,43;;0;;;;;;;;;;;;;;;;;;
18.01.2019;14:41:44;#8-3;Geochem;;0;29,66;29,87;59,54;research;kh_sedlec;segment;15a16;vrstva;290;hrob;;excel.id;466;vzorek;27007;;;;;3;<LOD;2,19;5,81;0,13;30,73;0,26;0,0709;0,0109;<LOD;0,0335;<LOD;0,95;2,0813;0,0196;0,8174;0,0115;0,4929;0,0226;<LOD;0,0214;0,0799;0,0033;2,5721;0,024;<LOD;0,0748;<LOD;0,0101;0,0042;0,0005;0,0078;0,0004;0,0053;0,0003;<LOD;0,0034;0,0122;0,0002;0,0101;0,0002;<LOD;0,0252;0,0482;0,0005;<LOD;0,0194;<LOD;0,1157;<LOD;0,1378;<LOD;0,0015;<LOD;0,22;<LOD;0,29;<LOD;0,35;<LOD;0,0576;<LOD;0,0164;<LOD;0,001;<LOD;0,0203;0,0054;0,0003;<LOD;0,0754;0,0025;0,0006;<LOD;0,0386;55,95;0,43;;0;;;;;;;;;;;;;;;;;;
18.01.2019;14:44:13;#9-1;Geochem;;0;29,64;29,86;59,5;research;kh_sedlec;segment;15a16;vrstva;298;hrob;;excel.id;467;vzorek;27008;;;;;3;<LOD;2,02;5,96;0,13;30,96;0,24;0,0521;0,0101;<LOD;0,0309;<LOD;0,91;2,0449;0,0181;0,5836;0,0097;0,5203;0,0222;0,007;0,0022;0,0707;0,0031;2,5867;0,0227;<LOD;0,073;0,0045;0,0007;0,0036;0,0005;0,0068;0,0004;0,0089;0,0003;<LOD;0,0032;0,0115;0,0002;0,0101;0,0002;<LOD;0,0242;0,0489;0,0005;<LOD;0,0187;<LOD;0,1126;<LOD;0,1345;<LOD;0,0015;<LOD;0,22;<LOD;0,28;<LOD;0,35;<LOD;0,0549;<LOD;0,0164;<LOD;0,0009;<LOD;0,0197;0,0024;0,0003;<LOD;0,0731;0,0028;0,0006;<LOD;0,0357;56,71;0,4;;0;;;;;;;;;;;;;;;;;;
18.01.2019;14:45:29;#9-2;Geochem;;0;29,65;29,87;59,51;research;kh_sedlec;segment;15a16;vrstva;298;hrob;;excel.id;467;vzorek;27008;;;;;3;<LOD;3,35;5,72;0,12;30,91;0,14;0,0515;0,0101;<LOD;0,0313;<LOD;0,9;2,0589;0,0126;0,6124;0,0091;0,5246;0,0222;<LOD;0,0204;0,0691;0,003;2,5454;0,0154;<LOD;0,073;0,0029;0,0007;0,0045;0,0005;0,007;0,0004;0,0085;0,0003;<LOD;0,0031;0,0116;0,0002;0,0097;0,0002;<LOD;0,024;0,0495;0,0004;<LOD;0,0188;<LOD;0,1131;<LOD;0,1347;<LOD;0,0015;<LOD;0,22;<LOD;0,28;<LOD;0,35;<LOD;0,0545;<LOD;0,0166;<LOD;0,001;<LOD;0,0203;0,0028;0,0003;<LOD;0,0727;0,0017;0,0006;<LOD;0,036;57,41;0,18;;0;;;;;;;;;;;;;;;;;;
18.01.2019;14:46:46;#9-3;Geochem;;0;29,65;29,87;59,51;research;kh_sedlec;segment;15a16;vrstva;298;hrob;;excel.id;467;vzorek;27008;;;;;3;<LOD;2,02;6,19;0,13;31,71;0,25;0,0644;0,0105;<LOD;0,0303;<LOD;0,9;2,0828;0,0185;0,5873;0,01;0,5282;0,0228;<LOD;0,0202;0,0697;0,0031;2,5738;0,0227;<LOD;0,0733;0,0031;0,0007;0,0045;0,0005;0,0069;0,0004;0,009;0,0003;<LOD;0,0033;0,0112;0,0002;0,0096;0,0002;<LOD;0,0243;0,0494;0,0005;<LOD;0,0188;<LOD;0,1136;<LOD;0,1366;<LOD;0,0015;<LOD;0,22;<LOD;0,29;<LOD;0,35;<LOD;0,0578;<LOD;0,0169;<LOD;0,001;<LOD;0,0198;0,0026;0,0003;<LOD;0,0732;0,0023;0,0006;<LOD;0,037;55,01;0,39;;0;;;;;;;;;;;;;;;;;;
18.01.2019;14:49:06;#10-1;Geochem;;0;29,65;29,88;59,54;research;kh_sedlec;segment;15a16;vrstva;299;hrob;;excel.id;468;vzorek;27009;;;;;3;<LOD;2,14;5,01;0,12;31,95;0,26;0,0351;0,0108;<LOD;0,0305;<LOD;0,89;1,8504;0,0175;1,3781;0,0149;0,4631;0,0225;<LOD;0,0214;0,0567;0,0029;2,0309;0,0194;<LOD;0,0665;0,0021;0,0007;0,0031;0,0005;0,0045;0,0004;0,0015;0,0002;<LOD;0,0031;0,0102;0,0002;0,0106;0,0002;<LOD;0,0251;0,0506;0,0005;<LOD;0,0198;<LOD;0,1183;<LOD;0,1412;<LOD;0,0016;<LOD;0,23;<LOD;0,3;<LOD;0,34;<LOD;0,0542;<LOD;0,015;<LOD;0,0009;<LOD;0,02;0,0027;0,0003;<LOD;0,0771;0,0035;0,0006;<LOD;0,039;55,67;0,42;;0;;;;;;;;;;;;;;;;;;
18.01.2019;14:50:23;#10-2;Geochem;;0;29,66;29,88;59,54;research;kh_sedlec;segment;15a16;vrstva;299;hrob;;excel.id;468;vzorek;27009;;;;;3;<LOD;2,14;5,05;0,12;32,31;0,26;0,0571;0,0112;<LOD;0,0304;<LOD;0,88;1,8621;0,0177;1,4006;0,0151;0,4998;0,0228;<LOD;0,0215;0,0641;0,0031;2,0114;0,0193;<LOD;0,0668;0,0023;0,0007;0,0035;0,0005;0,0048;0,0004;0,0016;0,0002;<LOD;0,0033;0,0103;0,0002;0,0105;0,0002;<LOD;0,0247;0,0499;0,0005;<LOD;0,0198;<LOD;0,1188;<LOD;0,1417;<LOD;0,0016;<LOD;0,23;<LOD;0,3;<LOD;0,35;<LOD;0,0521;<LOD;0,0146;<LOD;0,0009;<LOD;0,0193;0,0024;0,0003;<LOD;0,0769;0,0031;0,0006;<LOD;0,0387;55,44;0,42;;0;;;;;;;;;;;;;;;;;;
18.01.2019;14:51:39;#10-3;Geochem;;0;29,66;29,88;59,54;research;kh_sedlec;segment;15a16;vrstva;299;hrob;;excel.id;468;vzorek;27009;;;;;3;<LOD;2,13;5,09;0,12;32,23;0,26;0,0458;0,011;<LOD;0,0305;<LOD;0,88;1,8678;0,0176;1,3968;0,015;0,5148;0,023;<LOD;0,0208;0,0533;0,0029;2,0177;0,0192;<LOD;0,0659;0,0023;0,0007;0,0027;0,0005;0,0048;0,0004;0,0019;0,0002;<LOD;0,0035;0,0099;0,0002;0,0106;0,0002;<LOD;0,0252;0,0496;0,0005;<LOD;0,0198;<LOD;0,1182;<LOD;0,1419;<LOD;0,0016;<LOD;0,23;<LOD;0,3;<LOD;0,35;<LOD;0,0563;<LOD;0,0163;<LOD;0,0009;<LOD;0,0188;0,0017;0,0002;<LOD;0,076;0,0022;0,0006;<LOD;0,0385;55,79;0,41;;0;;;;;;;;;;;;;;;;;;
18.01.2019;14:53:58;#11-1;Geochem;;0;29,67;29,84;59,51;research;kh_sedlec;segment;15a16;vrstva;313;hrob;;excel.id;469;vzorek;27010;;;;;3;<LOD;2,15;5,26;0,12;26,35;0,22;0,0848;0,0121;<LOD;0,0273;<LOD;0,76;1,6533;0,0157;6,71;0,06;0,4597;0,0224;<LOD;0,0221;0,049;0,0028;2,4144;0,0226;<LOD;0,0731;<LOD;0,0103;0,0032;0,0005;0,0049;0,0004;0,0015;0,0002;<LOD;0,0034;0,0099;0,0002;0,0169;0,0003;<LOD;0,0245;0,0428;0,0005;<LOD;0,0195;<LOD;0,1182;<LOD;0,1412;<LOD;0,0016;<LOD;0,23;<LOD;0,3;<LOD;0,35;<LOD;0,054;<LOD;0,0153;<LOD;0,001;<LOD;0,0198;0,0019;0,0003;<LOD;0,0761;<LOD;0,0854;<LOD;0,04;55,41;0,42;;0;;;;;;;;;;;;;;;;;;
18.01.2019;14:55:15;#11-2;Geochem;;0;29,68;29,84;59,52;research;kh_sedlec;segment;15a16;vrstva;313;hrob;;excel.id;469;vzorek;27010;;;;;3;<LOD;2,16;5,18;0,12;26,61;0,22;0,0636;0,012;<LOD;0,0273;<LOD;0,76;1,693;0,0161;6,7;0,06;0,4705;0,0226;<LOD;0,0223;0,0571;0,003;2,4048;0,0226;<LOD;0,074;0,0026;0,0007;0,0029;0,0005;0,0058;0,0004;0,0016;0,0002;<LOD;0,0033;0,0101;0,0002;0,0169;0,0003;<LOD;0,0249;0,0436;0,0005;<LOD;0,0196;<LOD;0,1185;<LOD;0,1421;<LOD;0,0016;<LOD;0,23;<LOD;0,3;<LOD;0,35;<LOD;0,0538;<LOD;0,0154;<LOD;0,0009;<LOD;0,02;0,002;0,0003;<LOD;0,077;0,0019;0,0006;<LOD;0,0388;55,81;0,42;;0;;;;;;;;;;;;;;;;;;
18.01.2019;14:56:26;#11-3;Geochem;;0;29,68;29,85;59,53;research;kh_sedlec;segment;15a16;vrstva;313;hrob;;excel.id;469;vzorek;27010;;;;;3;<LOD;2,9;5,09;0,12;26,3;0,12;0,065;0,012;<LOD;0,0275;<LOD;0,75;1,6886;0,011;6,7334;0,0306;0,4433;0,0223;<LOD;0,0215;0,054;0,0029;2,4143;0,0155;<LOD;0,074;<LOD;0,0104;0,003;0,0005;0,0054;0,0004;0,0017;0,0002;<LOD;0,0034;0,01;0,0002;0,017;0,0002;<LOD;0,025;0,0448;0,0004;<LOD;0,0197;<LOD;0,1204;<LOD;0,1444;<LOD;0,0016;<LOD;0,23;<LOD;0,3;<LOD;0,35;<LOD;0,0572;<LOD;0,0158;<LOD;0,001;<LOD;0,0206;0,002;0,0003;<LOD;0,0777;0,0021;0,0006;<LOD;0,0392;57,13;0,18;;0;;;;;;;;;;;;;;;;;;
18.01.2019;14:58:55;#12-1;Geochem;;0;29,7;29,84;59,53;research;kh_sedlec;segment;15a16;vrstva;328;hrob;;excel.id;470;vzorek;27011;;;;;3;<LOD;2,41;4,42;0,12;21,9;0,2;0,1015;0,013;<LOD;0,0291;<LOD;0,72;1,4377;0,015;10,64;0,09;0,4399;0,0228;<LOD;0,0228;0,0601;0,0032;2,232;0,023;<LOD;0,0743;0,0027;0,0007;0,0038;0,0006;0,0149;0,0006;0,0241;0,0006;<LOD;0,0039;0,0092;0,0002;0,0164;0,0003;<LOD;0,0256;0,0332;0,0004;<LOD;0,0201;<LOD;0,1261;<LOD;0,1492;<LOD;0,0016;<LOD;0,24;<LOD;0,31;<LOD;0,36;<LOD;0,0734;<LOD;0,0237;<LOD;0,0292;<LOD;0,0236;0,0117;0,0004;<LOD;0,0802;<LOD;0,0897;<LOD;0,0425;57,81;0,48;;0;;;;;;;;;;;;;;;;;;
18.01.2019;15:00:11;#12-2;Geochem;;0;29,7;29,83;59,54;research;kh_sedlec;segment;15a16;vrstva;328;hrob;;excel.id;470;vzorek;27011;;;;;3;<LOD;2,87;4,5;0,12;21,91;0,11;0,1224;0,0132;<LOD;0,029;<LOD;0,72;1,4595;0,0103;10,5583;0,0479;0,4263;0,0228;<LOD;0,0225;0,0584;0,0031;2,2233;0,0154;<LOD;0,0749;0,0025;0,0007;0,005;0,0006;0,0152;0,0006;0,0249;0,0005;<LOD;0,0039;0,0097;0,0002;0,017;0,0002;<LOD;0,0259;0,0339;0,0004;<LOD;0,0202;<LOD;0,127;<LOD;0,15;<LOD;0,0017;<LOD;0,24;<LOD;0,32;<LOD;0,36;<LOD;0,0736;<LOD;0,0239;<LOD;0,0011;<LOD;0,0241;0,0113;0,0004;<LOD;0,0822;0,003;0,0006;<LOD;0,0418;58,62;0,19;;0;;;;;;;;;;;;;;;;;;
18.01.2019;15:01:24;#12-3;Geochem;;0;29,7;29,84;59,54;research;kh_sedlec;segment;15a16;vrstva;328;hrob;;excel.id;470;vzorek;27011;;;;;3;<LOD;2,4;4,56;0,12;22,31;0,21;0,1374;0,0135;<LOD;0,0284;<LOD;0,72;1,4624;0,0153;10,75;0,1;0,4416;0,0231;<LOD;0,0228;0,0689;0,0034;2,1906;0,0227;<LOD;0,0736;0,0028;0,0007;0,0039;0,0006;0,0153;0,0006;0,0236;0,0006;<LOD;0,0037;0,0089;0,0002;0,016;0,0003;<LOD;0,0259;0,0329;0,0004;<LOD;0,0202;<LOD;0,1252;<LOD;0,15;<LOD;0,0016;<LOD;0,24;<LOD;0,32;<LOD;0,36;<LOD;0,0716;<LOD;0,0228;<LOD;0,0292;<LOD;0,0243;0,0112;0,0004;<LOD;0,0803;<LOD;0,09;<LOD;0,0414;56,38;0,47;;0;;;;;;;;;;;;;;;;;;
18.01.2019;15:03:44;#13-1;Geochem;;0;29,64;29,87;59,51;research;kh_sedlec;segment;15a16;vrstva;369;hrob;;excel.id;471;vzorek;27012;;;;;3;<LOD;2,03;5,83;0,13;30,86;0,24;0,0809;0,0106;<LOD;0,0315;<LOD;0,9;2,0701;0,0184;0,85;0,0112;0,5238;0,0226;0,0093;0,0023;0,0728;0,0031;2,5835;0,0228;<LOD;0,0738;0,0041;0,0007;0,0041;0,0005;0,0091;0,0005;0,0067;0,0003;<LOD;0,0033;0,0117;0,0002;0,0102;0,0002;<LOD;0,0246;0,0469;0,0005;<LOD;0,0188;<LOD;0,1126;<LOD;0,135;<LOD;0,0015;<LOD;0,22;<LOD;0,28;<LOD;0,35;<LOD;0,0546;<LOD;0,0165;<LOD;0,0009;<LOD;0,021;0,0059;0,0003;<LOD;0,0726;0,0017;0,0006;<LOD;0,037;55,78;0,4;;0;;;;;;;;;;;;;;;;;;
18.01.2019;15:05:00;#13-2;Geochem;;0;29,65;29,86;59,52;research;kh_sedlec;segment;15a16;vrstva;369;hrob;;excel.id;471;vzorek;27012;;;;;3;<LOD;2,04;6;0,13;31,19;0,25;0,1024;0,011;<LOD;0,0308;<LOD;0,9;2,1132;0,0188;0,8706;0,0114;0,5683;0,0229;<LOD;0,021;0,0707;0,0031;2,5763;0,0229;<LOD;0,074;0,0026;0,0007;0,004;0,0005;0,0101;0,0005;0,0066;0,0003;<LOD;0,0032;0,0122;0,0002;0,0101;0,0002;<LOD;0,0245;0,0463;0,0005;<LOD;0,0191;<LOD;0,1145;<LOD;0,1368;<LOD;0,0015;<LOD;0,22;<LOD;0,29;<LOD;0,35;<LOD;0,0575;<LOD;0,0163;<LOD;0,001;<LOD;0,021;0,0066;0,0003;<LOD;0,0736;0,0019;0,0006;<LOD;0,0379;55,74;0,4;;0;;;;;;;;;;;;;;;;;;
18.01.2019;15:06:15;#13-3;Geochem;;0;29,65;29,86;59,51;research;kh_sedlec;segment;15a16;vrstva;369;hrob;;excel.id;471;vzorek;27012;;;;;3;<LOD;2,03;5,8;0,13;30,83;0,24;0,1019;0,0109;<LOD;0,0315;<LOD;0,9;2,0869;0,0185;0,8624;0,0112;0,4759;0,0222;0,008;0,0023;0,0799;0,0032;2,5624;0,0226;<LOD;0,0732;0,0045;0,0007;0,0041;0,0005;0,0096;0,0005;0,0067;0,0003;<LOD;0,0033;0,012;0,0002;0,0102;0,0002;<LOD;0,0247;0,0461;0,0005;<LOD;0,0187;<LOD;0,1127;<LOD;0,1348;<LOD;0,0015;<LOD;0,22;<LOD;0,28;<LOD;0,35;<LOD;0,0565;<LOD;0,0162;<LOD;0,001;<LOD;0,0204;0,0065;0,0003;<LOD;0,0728;0,0018;0,0006;<LOD;0,0384;56,68;0,4;;0;;;;;;;;;;;;;;;;;;
18.01.2019;15:08:40;#14-1;Geochem;;0;29,69;29,86;59,55;research;kh_sedlec;segment;15a16;vrstva;384;hrob;;excel.id;472;vzorek;27013;;;;;3;<LOD;3,15;5,23;0,12;26,25;0,13;0,0584;0,0118;<LOD;0,0304;<LOD;0,82;1,721;0,0114;5,728;0,0274;0,4721;0,023;0,0083;0,0025;0,0555;0,003;2,3969;0,0156;<LOD;0,0745;0,0024;0,0007;0,0024;0,0005;0,0071;0,0004;0,0073;0,0003;<LOD;0,0033;0,0101;0,0002;0,0154;0,0002;<LOD;0,0252;0,0447;0,0004;<LOD;0,0199;<LOD;0,12;<LOD;0,1437;<LOD;0,0016;<LOD;0,23;<LOD;0,3;<LOD;0,37;<LOD;0,0593;<LOD;0,0168;<LOD;0,001;<LOD;0,0213;0,0045;0,0003;<LOD;0,0772;<LOD;0,0866;<LOD;0,04;57,99;0,19;;0;;;;;;;;;;;;;;;;;;
18.01.2019;15:09:57;#14-2;Geochem;;0;29,7;29,86;59,55;research;kh_sedlec;segment;15a16;vrstva;384;hrob;;excel.id;472;vzorek;27013;;;;;3;<LOD;2,28;5,19;0,13;26,82;0,23;0,0549;0,012;<LOD;0,0304;<LOD;0,82;1,7596;0,0173;5,7382;0,05;0,4538;0,023;<LOD;0,0216;0,0524;0,003;2,4095;0,0235;<LOD;0,0749;0,0032;0,0007;0,0046;0,0006;0,0078;0,0005;0,0063;0,0003;<LOD;0,0034;0,0099;0,0002;0,0152;0,0003;<LOD;0,0254;0,0436;0,0005;<LOD;0,0201;<LOD;0,1207;<LOD;0,1437;<LOD;0,0016;<LOD;0,23;<LOD;0,3;<LOD;0,36;<LOD;0,0594;<LOD;0,0175;<LOD;0,001;<LOD;0,0213;0,0047;0,0003;<LOD;0,0785;0,0024;0,0006;<LOD;0,0398;56,83;0,45;;0;;;;;;;;;;;;;;;;;;
18.01.2019;15:11:14;#14-3;Geochem;;0;29,7;29,86;59,56;research;kh_sedlec;segment;15a16;vrstva;384;hrob;;excel.id;472;vzorek;27013;;;;;3;<LOD;2,29;5,47;0,13;27,46;0,24;0,0541;0,0123;<LOD;0,0296;<LOD;0,82;1,8002;0,0178;5,84;0,05;0,4852;0,0237;<LOD;0,022;0,0573;0,0031;2,4411;0,024;<LOD;0,0762;0,0025;0,0007;0,0034;0,0006;0,008;0,0005;0,0074;0,0003;<LOD;0,0034;0,0102;0,0002;0,0156;0,0003;<LOD;0,026;0,0452;0,0005;<LOD;0,0203;<LOD;0,1224;<LOD;0,1473;<LOD;0,0016;<LOD;0,24;<LOD;0,31;<LOD;0,37;<LOD;0,0597;<LOD;0,0178;<LOD;0,001;<LOD;0,0204;0,0045;0,0003;<LOD;0,08;0,0029;0,0006;<LOD;0,0421;55,03;0,44;;0;;;;;;;;;;;;;;;;;;
18.01.2019;15:14:20;#15-1;Geochem;;0;29,65;29,86;59,51;research;kh_sedlec;segment;15a16;vrstva;385;hrob;;excel.id;473;vzorek;27014;;;;;3;<LOD;2,07;5,7;0,13;29,42;0,24;0,0775;0,0111;<LOD;0,0299;<LOD;0,85;1,8703;0,0171;2,6972;0,0236;0,541;0,0229;0,0104;0,0024;0,064;0,003;2,5185;0,0227;<LOD;0,073;0,0025;0,0007;0,0045;0,0005;0,0074;0,0004;0,0075;0,0004;<LOD;0,0034;0,0111;0,0002;0,0123;0,0002;<LOD;0,0247;0,0465;0,0005;<LOD;0,0188;<LOD;0,114;<LOD;0,1361;<LOD;0,0015;<LOD;0,22;<LOD;0,29;<LOD;0,36;<LOD;0,0578;<LOD;0,0174;<LOD;0,001;<LOD;0,0214;0,0106;0,0004;<LOD;0,0735;0,0018;0,0006;<LOD;0,037;55,34;0,4;;0;;;;;;;;;;;;;;;;;;
18.01.2019;15:15:32;#15-2;Geochem;;0;29,66;29,86;59,52;research;kh_sedlec;segment;15a16;vrstva;385;hrob;;excel.id;473;vzorek;27014;;;;;3;<LOD;3,12;5,59;0,12;29,26;0,13;0,062;0,0109;<LOD;0,03;<LOD;0,84;1,8985;0,0119;2,7429;0,0155;0,5267;0,0226;0,0074;0,0023;0,0579;0,0029;2,5147;0,0155;<LOD;0,0732;0,0021;0,0007;0,004;0,0005;0,0073;0,0004;0,0075;0,0004;<LOD;0,0035;0,0112;0,0002;0,0126;0,0002;<LOD;0,0245;0,0469;0,0004;<LOD;0,019;<LOD;0,1154;<LOD;0,1378;<LOD;0,0015;<LOD;0,22;<LOD;0,29;<LOD;0,36;<LOD;0,0558;<LOD;0,0169;<LOD;0,0009;<LOD;0,0217;0,011;0,0004;<LOD;0,0744;0,0019;0,0006;<LOD;0,0373;57,24;0,18;;0;;;;;;;;;;;;;;;;;;
18.01.2019;15:16:51;#15-3;Geochem;;0;29,66;29,86;59,52;research;kh_sedlec;segment;15a16;vrstva;385;hrob;;excel.id;473;vzorek;27014;;;;;3;<LOD;2,07;6,06;0,13;30,24;0,24;0,0632;0,0113;<LOD;0,0293;<LOD;0,85;1,9253;0,0177;2,783;0,0244;0,4699;0,0226;0,0107;0,0024;0,0627;0,003;2,4998;0,0226;<LOD;0,0733;0,0032;0,0007;0,0039;0,0005;0,0072;0,0004;0,0076;0,0004;<LOD;0,0031;0,0112;0,0002;0,0122;0,0002;<LOD;0,0245;0,0464;0,0005;<LOD;0,0191;<LOD;0,115;<LOD;0,1377;<LOD;0,0015;<LOD;0,22;<LOD;0,29;<LOD;0,35;<LOD;0,0568;<LOD;0,0163;<LOD;0,001;<LOD;0,0231;0,0105;0,0004;<LOD;0,0738;<LOD;0,0825;<LOD;0,0384;53,79;0,4;;0;;;;;;;;;;;;;;;;;;
18.01.2019;15:19:26;#16-1;Geochem;;0;29,67;29,86;59,53;research;kh_sedlec;segment;15a16;vrstva;398;hrob;;excel.id;474;vzorek;27015;;;;;3;<LOD;3,44;5,53;0,12;28,34;0,13;0,1152;0,0119;<LOD;0,0324;<LOD;0,9;1,9006;0,0124;3,0354;0,0172;0,4937;0,0229;<LOD;0,0226;0,0638;0,0031;2,5008;0,0159;<LOD;0,0763;0,003;0,0007;0,0041;0,0006;0,0101;0,0005;0,0065;0,0003;<LOD;0,0037;0,0111;0,0002;0,0126;0,0002;<LOD;0,0255;0,046;0,0004;<LOD;0,0199;<LOD;0,1211;<LOD;0,1444;<LOD;0,0016;<LOD;0,23;<LOD;0,3;<LOD;0,36;<LOD;0,0606;<LOD;0,0183;<LOD;0,001;<LOD;0,0217;0,0075;0,0004;<LOD;0,0778;0,0029;0,0006;<LOD;0,0397;57,91;0,19;;0;;;;;;;;;;;;;;;;;;
18.01.2019;15:20:39;#16-2;Geochem;;0;29,68;29,86;59,54;research;kh_sedlec;segment;15a16;vrstva;398;hrob;;excel.id;474;vzorek;27015;;;;;3;<LOD;3,37;5,61;0,12;28,47;0,14;0,1129;0,0119;<LOD;0,032;<LOD;0,89;1,9348;0,0125;3,0539;0,0172;0,4498;0,0224;0,0085;0,0025;0,0583;0,003;2,4731;0,0158;<LOD;0,0755;0,0043;0,0007;0,0038;0,0006;0,0095;0,0005;0,007;0,0003;<LOD;0,0033;0,0108;0,0002;0,0128;0,0002;<LOD;0,0255;0,0456;0,0004;<LOD;0,0198;<LOD;0,1196;<LOD;0,1434;<LOD;0,0016;<LOD;0,23;<LOD;0,3;<LOD;0,36;<LOD;0,0583;<LOD;0,0169;<LOD;0,001;<LOD;0,0215;0,0072;0,0004;<LOD;0,078;0,003;0,0006;<LOD;0,0386;57,73;0,19;;0;;;;;;;;;;;;;;;;;;
18.01.2019;15:21:51;#16-3;Geochem;;0;29,68;29,87;59,55;research;kh_sedlec;segment;15a16;vrstva;398;hrob;;excel.id;474;vzorek;27015;;;;;3;<LOD;3,41;5,7;0,12;28,51;0,14;0,0873;0,0117;<LOD;0,0325;<LOD;0,9;1,9073;0,0124;3,0409;0,0172;0,4962;0,0228;<LOD;0,0223;0,0599;0,003;2,482;0,0158;<LOD;0,0748;<LOD;0,0103;0,0045;0,0006;0,0097;0,0005;0,0063;0,0003;<LOD;0,0032;0,0112;0,0002;0,0125;0,0002;<LOD;0,0248;0,046;0,0004;<LOD;0,0199;<LOD;0,1198;<LOD;0,143;<LOD;0,0016;<LOD;0,23;<LOD;0,3;<LOD;0,36;<LOD;0,0577;<LOD;0,0165;<LOD;0,001;<LOD;0,0222;0,0075;0,0004;<LOD;0,0766;0,002;0,0006;<LOD;0,0383;57,62;0,19;;0;;;;;;;;;;;;;;;;;;
18.01.2019;15:24:11;#17-1;Geochem;;0;29,67;29,86;59,52;research;kh_sedlec;segment;15a16;vrstva;417;hrob;;excel.id;475;vzorek;27016;;;;;3;<LOD;2,07;5,5;0,12;28,8;0,23;0,1149;0,0117;<LOD;0,0293;<LOD;0,83;1,846;0,0169;3,5665;0,03;0,5042;0,0226;0,0079;0,0023;0,0612;0,003;2,4503;0,0222;<LOD;0,0728;0,0032;0,0007;0,004;0,0005;0,0056;0,0004;0,0029;0,0002;<LOD;0,0032;0,0105;0,0002;0,0129;0,0002;<LOD;0,0243;0,0476;0,0005;<LOD;0,0193;<LOD;0,1147;<LOD;0,1374;<LOD;0,0015;<LOD;0,22;<LOD;0,29;<LOD;0,35;<LOD;0,0518;<LOD;0,0145;<LOD;0,0009;<LOD;0,0208;0,0029;0,0003;<LOD;0,0745;<LOD;0,0832;<LOD;0,0382;56,17;0,41;;0;;;;;;;;;;;;;;;;;;
18.01.2019;15:25:26;#17-2;Geochem;;0;29,67;29,86;59,52;research;kh_sedlec;segment;15a16;vrstva;417;hrob;;excel.id;475;vzorek;27016;;;;;3;<LOD;2,1;5,63;0,13;29,39;0,24;0,1045;0,0118;<LOD;0,0287;<LOD;0,83;1,9045;0,0175;3,6042;0,0305;0,4812;0,0225;0,0083;0,0024;0,0572;0,003;2,4544;0,0225;<LOD;0,0733;0,0029;0,0007;0,004;0,0005;0,0057;0,0004;0,0024;0,0002;<LOD;0,0033;0,0106;0,0002;0,0133;0,0002;<LOD;0,0244;0,0484;0,0005;<LOD;0,0196;<LOD;0,1165;<LOD;0,1392;<LOD;0,0016;<LOD;0,22;<LOD;0,29;<LOD;0,35;<LOD;0,056;<LOD;0,0162;<LOD;0,0009;<LOD;0,02;0,0029;0,0003;<LOD;0,0756;0,002;0,0006;<LOD;0,0392;55,33;0,41;;0;;;;;;;;;;;;;;;;;;
18.01.2019;15:26:42;#17-3;Geochem;;0;29,67;29,86;59,53;research;kh_sedlec;segment;15a16;vrstva;417;hrob;;excel.id;475;vzorek;27016;;;;;3;<LOD;3,1;5,51;0,12;28,8;0,13;0,1251;0,0118;<LOD;0,029;<LOD;0,82;1,8971;0,0119;3,5745;0,0185;0,48;0,0222;<LOD;0,0213;0,0636;0,003;2,453;0,0153;<LOD;0,0727;0,0026;0,0007;0,0041;0,0005;0,0054;0,0004;0,0022;0,0002;<LOD;0,0032;0,0104;0,0002;0,0132;0,0002;<LOD;0,0248;0,0486;0,0004;<LOD;0,0194;<LOD;0,1161;<LOD;0,1395;<LOD;0,0016;<LOD;0,22;<LOD;0,29;<LOD;0,35;<LOD;0,0551;<LOD;0,0157;<LOD;0,0009;<LOD;0,0203;0,0034;0,0003;<LOD;0,0756;0,002;0,0006;<LOD;0,0387;57,01;0,18;;0;;;;;;;;;;;;;;;;;;
18.01.2019;15:29:04;#18-1;Geochem;;0;29,7;29,85;59,55;research;kh_sedlec;segment;15a16;vrstva;418;hrob;;excel.id;476;vzorek;27017;;;;;3;<LOD;2,97;5,11;0,12;24,97;0,12;0,0527;0,0122;<LOD;0,0285;<LOD;0,77;1,6096;0,0109;7,8007;0,0357;0,4493;0,0227;<LOD;0,0222;0,0443;0,0028;2,3004;0,0154;<LOD;0,0738;0,0033;0,0007;0,0032;0,0005;0,0046;0,0004;0,0018;0,0002;<LOD;0,0035;0,0094;0,0002;0,0195;0,0003;<LOD;0,025;0,0403;0,0004;<LOD;0,0202;<LOD;0,1234;<LOD;0,1485;<LOD;0,0016;<LOD;0,24;<LOD;0,31;<LOD;0,36;<LOD;0,0571;<LOD;0,0158;<LOD;0,001;<LOD;0,0218;0,0028;0,0003;<LOD;0,0794;<LOD;0,0893;<LOD;0,041;57,57;0,19;;0;;;;;;;;;;;;;;;;;;
18.01.2019;15:30:15;#18-2;Geochem;;0;29,7;29,85;59,56;research;kh_sedlec;segment;15a16;vrstva;418;hrob;;excel.id;476;vzorek;27017;;;;;3;<LOD;2,95;5,18;0,12;25,05;0,12;0,0645;0,0125;<LOD;0,0286;<LOD;0,77;1,6339;0,0111;7,8418;0,036;0,4308;0,0226;<LOD;0,0219;0,0419;0,0028;2,2759;0,0154;<LOD;0,0743;<LOD;0,0109;0,0034;0,0006;0,0056;0,0004;0,0022;0,0002;<LOD;0,0036;0,009;0,0002;0,0187;0,0003;<LOD;0,0252;0,04;0,0004;<LOD;0,0204;<LOD;0,1248;<LOD;0,1485;<LOD;0,0016;<LOD;0,24;<LOD;0,31;<LOD;0,36;<LOD;0,0594;<LOD;0,0168;<LOD;0,001;<LOD;0,0212;0,0023;0,0003;<LOD;0,081;0,0028;0,0006;<LOD;0,0421;57,4;0,19;;0;;;;;;;;;;;;;;;;;;
18.01.2019;15:31:30;#18-3;Geochem;;0;29,7;29,85;59,55;research;kh_sedlec;segment;15a16;vrstva;418;hrob;;excel.id;476;vzorek;27017;;;;;3;<LOD;2,95;5,06;0,12;25,43;0,13;0,0467;0,0124;<LOD;0,0285;<LOD;0,77;1,6569;0,0112;7,9558;0,0365;0,4404;0,0234;<LOD;0,0231;0,046;0,0029;2,3004;0,0155;<LOD;0,0756;<LOD;0,0112;0,0035;0,0006;0,0055;0,0004;0,0022;0,0002;<LOD;0,0036;0,0092;0,0002;0,0187;0,0003;<LOD;0,0254;0,0407;0,0004;<LOD;0,0206;<LOD;0,1255;<LOD;0,15;<LOD;0,0017;<LOD;0,24;<LOD;0,32;<LOD;0,37;<LOD;0,0583;<LOD;0,0171;<LOD;0,001;<LOD;0,0211;0,0027;0,0003;<LOD;0,0811;0,0022;0,0006;<LOD;0,0419;56,99;0,19;;0;;;;;;;;;;;;;;;;;;
18.01.2019;15:33:53;#19-1;Geochem;;0;29,68;29,86;59,54;research;kh_sedlec;segment;15a16;vrstva;419;hrob;;excel.id;477;vzorek;27018;;;;;3;<LOD;2,09;5,48;0,13;28,99;0,23;0,0586;0,0113;<LOD;0,0286;<LOD;0,83;1,7725;0,0165;3,7573;0,0316;0,4631;0,0222;<LOD;0,0212;0,0548;0,0029;2,3868;0,0219;<LOD;0,0717;0,0021;0,0007;0,0033;0,0005;0,006;0,0004;0,0018;0,0002;<LOD;0,0033;0,0107;0,0002;0,014;0,0002;<LOD;0,025;0,0498;0,0005;<LOD;0,0195;<LOD;0,1162;<LOD;0,1373;<LOD;0,0015;<LOD;0,22;<LOD;0,28;<LOD;0,35;<LOD;0,0536;<LOD;0,0149;<LOD;0,0009;<LOD;0,0207;0,0034;0,0003;<LOD;0,0767;0,0031;0,0006;<LOD;0,0389;56,23;0,41;;0;;;;;;;;;;;;;;;;;;
18.01.2019;15:35:10;#19-2;Geochem;;0;29,69;29,88;59,57;research;kh_sedlec;segment;15a16;vrstva;419;hrob;;excel.id;477;vzorek;27018;;;;;3;<LOD;3,06;5,38;0,12;28,81;0,13;0,0506;0,0112;<LOD;0,0293;<LOD;0,82;1,7889;0,0115;3,7865;0,0193;0,4567;0,0219;<LOD;0,0209;0,0541;0,0029;2,3136;0,0147;<LOD;0,0711;0,0021;0,0007;0,0031;0,0005;0,0055;0,0004;0,002;0,0002;<LOD;0,0031;0,0102;0,0002;0,0135;0,0002;<LOD;0,025;0,0491;0,0004;<LOD;0,0195;<LOD;0,1154;<LOD;0,1368;<LOD;0,0015;<LOD;0,22;<LOD;0,28;<LOD;0,34;0,0031;0,0009;<LOD;0,0137;<LOD;0,0009;<LOD;0,0199;0,003;0,0003;<LOD;0,0761;0,0024;0,0006;<LOD;0,0381;57,26;0,18;;0;;;;;;;;;;;;;;;;;;
18.01.2019;15:36:25;#19-3;Geochem;;0;29,68;29,86;59,55;research;kh_sedlec;segment;15a16;vrstva;419;hrob;;excel.id;477;vzorek;27018;;;;;3;<LOD;2,1;5,6;0,13;29,46;0,24;0,0489;0,0114;<LOD;0,0288;<LOD;0,83;1,8025;0,0169;3,8329;0,0324;0,4858;0,0225;<LOD;0,0214;0,0579;0,003;2,3397;0,0217;<LOD;0,0722;<LOD;0,0102;0,0027;0,0005;0,006;0,0004;0,002;0,0002;<LOD;0,0034;0,0106;0,0002;0,0137;0,0002;<LOD;0,0252;0,0501;0,0005;<LOD;0,0196;<LOD;0,1155;<LOD;0,1378;<LOD;0,0015;<LOD;0,22;<LOD;0,28;<LOD;0,35;<LOD;0,055;<LOD;0,015;<LOD;0,001;<LOD;0,0204;0,0024;0,0003;<LOD;0,0759;0,0019;0,0006;<LOD;0,0384;55,13;0,41;;0;;;;;;;;;;;;;;;;;;
18.01.2019;15:38:46;#20-1;Geochem;;0;29,68;29,86;59,55;research;kh_sedlec;segment;15a16;vrstva;421;hrob;;excel.id;478;vzorek;27019;;;;;3;<LOD;3,41;5,37;0,12;27;0,13;0,1072;0,0118;<LOD;0,0321;<LOD;0,9;1,8214;0,012;3,6765;0,0196;0,5173;0,0226;0,0077;0,0024;0,0652;0,0031;2,5227;0,0161;<LOD;0,076;<LOD;0,0104;0,0047;0,0006;0,0109;0,0005;0,0121;0,0004;<LOD;0,0034;0,0111;0,0002;0,0131;0,0002;<LOD;0,0258;0,0445;0,0004;<LOD;0,0197;<LOD;0,119;<LOD;0,1417;<LOD;0,0016;0,0045;0,0013;<LOD;0,3;<LOD;0,36;<LOD;0,061;<LOD;0,0186;<LOD;0,001;<LOD;0,0212;0,0061;0,0003;<LOD;0,0759;<LOD;0,0849;<LOD;0,0405;58,8;0,19;;0;;;;;;;;;;;;;;;;;;
18.01.2019;15:39:58;#20-2;Geochem;;0;29,69;29,86;59,56;research;kh_sedlec;segment;15a16;vrstva;421;hrob;;excel.id;478;vzorek;27019;;;;;3;<LOD;3,39;5,44;0,12;27,43;0,13;0,124;0,0122;<LOD;0,0323;<LOD;0,89;1,8533;0,0122;3,7275;0,0199;0,4784;0,0226;<LOD;0,0225;0,0651;0,0031;2,4825;0,016;<LOD;0,0759;<LOD;0,0105;0,0047;0,0006;0,0101;0,0005;0,0121;0,0004;<LOD;0,0034;0,0109;0,0002;0,0128;0,0002;<LOD;0,0258;0,0448;0,0004;<LOD;0,0199;<LOD;0,1203;<LOD;0,1443;<LOD;0,0016;<LOD;0,23;<LOD;0,3;<LOD;0,36;<LOD;0,0619;<LOD;0,0181;<LOD;0,0011;<LOD;0,0209;0,0066;0,0004;<LOD;0,0775;0,0022;0,0006;<LOD;0,0391;58,29;0,19;;0;;;;;;;;;;;;;;;;;;
18.01.2019;15:41:12;#20-3;Geochem;;0;29,69;29,86;59,56;research;kh_sedlec;segment;15a16;vrstva;421;hrob;;excel.id;478;vzorek;27019;;;;;3;<LOD;2,28;5,45;0,13;28,23;0,25;0,098;0,0122;<LOD;0,0324;<LOD;0,89;1,8844;0,0185;3,782;0,0342;0,4792;0,0233;<LOD;0,021;0,0629;0,0032;2,5291;0,0246;<LOD;0,0773;<LOD;0,0105;0,0045;0,0006;0,0098;0,0005;0,0129;0,0004;<LOD;0,0035;0,0109;0,0002;0,0134;0,0002;<LOD;0,0258;0,0447;0,0005;<LOD;0,0201;<LOD;0,1211;<LOD;0,1451;<LOD;0,0016;<LOD;0,23;<LOD;0,3;<LOD;0,36;<LOD;0,0631;<LOD;0,0187;<LOD;0,001;<LOD;0,0215;0,0066;0,0004;<LOD;0,0783;0,002;0,0006;<LOD;0,0407;56,47;0,45;;0;;;;;;;;;;;;;;;;;;
